mission,object_name,disposition,period,planet_radius,star_temp,star_radius,star_mass,discovery_facility
TESS,1052.01,CANDIDATE,9.139804,3.0629855,5958.2,1.58,,TESS
TESS,1054.01,CANDIDATE,15.5077855,2.43432,6122.0,1.17,,TESS
TESS,1055.01,CANDIDATE,17.4713078,3.5766828,5783.54,0.974669,,TESS
TESS,1062.01,CANDIDATE,4.1150576,2.30057,5394.0,0.89,,TESS
TESS,1064.01,CANDIDATE,6.4438657,2.460344,4803.0,0.737189,,TESS
TESS,1064.02,CANDIDATE,12.2265595,2.6014766,4803.0,0.737189,,TESS
TESS,1073.01,CANDIDATE,3.9228016,13.3368705,4444.0,0.6983,,TESS
TESS,1075.01,CANDIDATE,0.6047392,1.8625587,4046.0,0.580337,,TESS
TESS,1078.01,CANDIDATE,0.5182425,1.3485121,3325.0,0.390989,,TESS
TESS,1097.01,CANDIDATE,9.188506,2.16591,5876.0,0.98,,TESS
TESS,1097.02,CANDIDATE,13.9028391,2.6136848,5876.0,0.983215,,TESS
TESS,1098.01,CANDIDATE,10.1826983,3.0538057,6153.0,1.14582,,TESS
TESS,1099.01,CANDIDATE,6.441006,2.56374,4867.0,0.8,,TESS
TESS,1107.01,CANDIDATE,4.0782392,13.898174,6501.0,1.74836,,TESS
TESS,1130.01,CANDIDATE,8.34998,11.1424,4236.0,0.74,,TESS
TESS,1130.02,CANDIDATE,4.0686405,3.7548333,4236.0,0.741921,,TESS
TESS,1135.01,CANDIDATE,8.0277326,9.06883,5962.7,1.15,,TESS
TESS,1136.01,CANDIDATE,12.5187279,5.58857,5729.0,0.98,,TESS
TESS,1136.02,CANDIDATE,6.2586065,2.51593,5729.0,0.98,,TESS
TESS,1136.03,CANDIDATE,26.3208756,2.71349,5729.0,0.98,,TESS
TESS,1136.04,CANDIDATE,18.795547,2.1597669,5729.0,0.977727,,TESS
TESS,1173.01,CANDIDATE,7.0643978,9.39131,5429.6,0.96,,TESS
TESS,1174.01,CANDIDATE,8.9534775,2.35888,5029.5,0.76,,TESS
TESS,118.01,CANDIDATE,6.0344667,4.44029,5586.0,1.05,,TESS
TESS,1180.01,CANDIDATE,9.6867516,3.00336,4738.1,0.73,,TESS
TESS,1181.01,CANDIDATE,2.1031647,16.7087,6122.0,1.93,,TESS
TESS,1184.01,CANDIDATE,5.7484439,2.35215,4534.0,0.69,,TESS
TESS,1194.01,CANDIDATE,2.3106428,8.76741,5339.9,0.99,,TESS
TESS,1199.01,CANDIDATE,3.6714717,10.678,5618.0,1.54,,TESS
TESS,120.01,CANDIDATE,11.535076,12.215808,5479.3,2.48771,,TESS
TESS,1201.01,CANDIDATE,2.4919771,2.2187585,3948.0,0.482388,,TESS
TESS,1203.01,CANDIDATE,25.5195307,2.9641461,5742.22,1.17321,,TESS
TESS,122.01,CANDIDATE,5.0780325,2.6347763,3318.0,0.334125,,TESS
TESS,1221.01,CANDIDATE,91.6827832,3.239855,5802.0,1.01814,,TESS
TESS,1224.01,CANDIDATE,4.1782656,2.1023854,3442.0,0.404403,,TESS
TESS,1224.02,CANDIDATE,17.9453645,3.3839124,3442.0,0.404403,,TESS
TESS,1227.01,CANDIDATE,27.3613778,6.4522449,3050.0,0.44128,,TESS
TESS,1228.01,CANDIDATE,29.0497517,2.84674,8208.0,1.8,,TESS
TESS,123.01,CANDIDATE,3.3088922,24.9862,6188.0,2.62,,TESS
TESS,1230.01,CANDIDATE,25.0571312,3.2396838,5696.0,1.15281,,TESS
TESS,1231.01,CANDIDATE,24.2454967,3.878568,3535.0,0.465271,,TESS
TESS,1233.01,CANDIDATE,14.1758947,2.6231641,5723.87,0.864173,,TESS
TESS,1233.02,CANDIDATE,19.5901578,3.0026428,5723.87,0.864173,,TESS
TESS,1233.03,CANDIDATE,6.2036219,2.056748,5723.87,0.864173,,TESS
TESS,1233.04,CANDIDATE,3.79589,1.553135,5723.87,0.864173,,TESS
TESS,1235.01,CANDIDATE,3.4447015,2.00495,3912.0,0.63,,TESS
TESS,1238.01,CANDIDATE,3.2947689,2.5248559,3853.0,0.62326,,TESS
TESS,1238.02,CANDIDATE,0.7645807,1.2407226,3853.0,0.62326,,TESS
TESS,1239.01,CANDIDATE,12.6396982,4.6025162,5217.0,0.789425,,TESS
TESS,1244.01,CANDIDATE,6.4002807,2.2730301,4599.0,0.720551,,TESS
TESS,1246.01,CANDIDATE,18.6548829,4.3869878,5141.0,0.876154,,TESS
TESS,1246.02,CANDIDATE,4.3074513,3.2819879,5141.0,0.876154,,TESS
TESS,1246.03,CANDIDATE,5.9041278,2.4489454,5141.0,0.876154,,TESS
TESS,1246.04,CANDIDATE,37.9251983,3.241643,5141.0,0.876154,,TESS
TESS,1247.01,CANDIDATE,15.9234883,2.18203,5711.85,1.08,,TESS
TESS,1248.01,CANDIDATE,4.3601536,6.9564258,5227.0,0.874131,,TESS
TESS,1249.01,CANDIDATE,13.0791581,3.25485,5453.0,1.0,,TESS
TESS,125.01,CANDIDATE,4.6517186,2.66889,5154.0,0.85,,TESS
TESS,125.02,CANDIDATE,9.1549418,2.62011,5154.0,0.85,,TESS
TESS,125.03,CANDIDATE,19.9815709,2.54717,5154.0,0.85,,TESS
TESS,1255.01,CANDIDATE,10.288886,2.63881,5126.0,0.87,,TESS
TESS,1259.01,CANDIDATE,3.4779776,12.5541925,4699.0,0.765001,,TESS
TESS,1260.01,CANDIDATE,3.1274634,2.5802896,4225.0,0.693431,,TESS
TESS,1260.02,CANDIDATE,7.4931613,2.7733674,4225.0,0.693431,,TESS
TESS,1260.03,CANDIDATE,49.825166,3.8319135,4225.0,0.693431,,TESS
TESS,1266.01,CANDIDATE,10.8948421,2.4691414,3618.0,0.435666,,TESS
TESS,1266.02,CANDIDATE,18.8016111,1.9112282,3618.0,0.435666,,TESS
TESS,1268.01,CANDIDATE,8.157721,9.31888,5091.2,0.9,,TESS
TESS,1269.01,CANDIDATE,4.2529641,2.3483383,5591.0,0.848906,,TESS
TESS,127.01,CANDIDATE,3.7955178,10.3261619,3424.0,0.445372,,TESS
TESS,1272.01,CANDIDATE,3.3159772,4.5947,4972.7,0.81,,TESS
TESS,1273.01,CANDIDATE,4.6313014,9.34848,5736.0,1.07,,TESS
TESS,1278.01,CANDIDATE,14.4751062,8.6976173,3841.0,0.55035,,TESS
TESS,1279.01,CANDIDATE,9.6141636,3.2264735,5477.0,0.840608,,TESS
TESS,128.01,CANDIDATE,4.9404714,2.3216,6086.0,1.13,,TESS
TESS,1288.01,CANDIDATE,2.6998294,4.94551,6180.0,0.92,,TESS
TESS,129.01,CANDIDATE,0.980972,5.9162923,4486.0,0.764401,,TESS
TESS,1294.01,CANDIDATE,3.9152737,9.43435,5714.0,1.58,,TESS
TESS,1295.01,CANDIDATE,3.1968838,14.9685779,6470.0,1.59715,,TESS
TESS,1296.01,CANDIDATE,3.9443668,14.5727196,5494.0,1.75475,,TESS
TESS,1298.01,CANDIDATE,4.5371361,9.8153513,5731.0,1.48668,,TESS
TESS,130.01,CANDIDATE,14.3392144,2.2963233,6295.7,1.1374201,,TESS
TESS,1301.01,CANDIDATE,6.0964074,2.5856853,4820.4,0.731699,,TESS
TESS,132.01,CANDIDATE,2.1096805,3.6396725,5673.0,0.940806,,TESS
TESS,1333.01,CANDIDATE,4.7201912,15.2105,6696.0,1.8,,TESS
TESS,1338.01,CANDIDATE,95.174,7.8498891,5723.2,1.51811,,TESS
TESS,1339.01,CANDIDATE,8.8803281,3.20594,5555.7,0.92,,TESS
TESS,1339.02,CANDIDATE,28.580474,3.1455035,5555.7,0.920435,,TESS
TESS,1339.03,CANDIDATE,38.3511223,3.2843583,5555.7,0.920435,,TESS
TESS,134.01,CANDIDATE,1.4015183,1.4616853,3794.0,0.597007,,TESS
TESS,1346.01,CANDIDATE,5.5025577,2.7049797,4965.0,0.784109,,TESS
TESS,1346.02,CANDIDATE,1.7622537,2.5235818,4965.0,0.784109,,TESS
TESS,1347.01,CANDIDATE,0.8474218,1.7536544,5300.0,0.846387,,TESS
TESS,1347.02,CANDIDATE,4.8420438,1.6177405,5300.0,0.846387,,TESS
TESS,135.01,CANDIDATE,4.1269046,17.0952,6888.0,1.59,,TESS
TESS,136.01,CANDIDATE,0.4628844,1.3543237,3043.0,0.188624,,TESS
TESS,1386.01,CANDIDATE,25.8386422,4.31235,5769.0,1.03,,TESS
TESS,139.01,CANDIDATE,11.0708575,2.3337648,4356.0,0.700727,,TESS
TESS,1406.01,CANDIDATE,10.5739824,9.43898,6519.0,1.27,,TESS
TESS,1408.01,CANDIDATE,4.4247042,8.3621,6594.0,1.49,,TESS
TESS,141.01,CANDIDATE,1.0082361,1.7202,5795.29,1.13,,TESS
TESS,1410.01,CANDIDATE,1.2168732,3.43106,4634.6,0.78,,TESS
TESS,1411.01,CANDIDATE,1.4520486,1.404,4184.0,0.69,,TESS
TESS,1416.01,CANDIDATE,1.0697621,1.60037,4946.0,0.8,,TESS
TESS,1417.01,CANDIDATE,3.0726434,19.9197757,7164.0,1.55831,,TESS
TESS,1420.01,CANDIDATE,6.9561134,12.090823,5387.0,0.940037,,TESS
TESS,1422.01,CANDIDATE,13.001789,3.84805,5914.0,1.00826,,TESS
TESS,1430.01,CANDIDATE,7.4341456,1.97737,5064.0,0.78,,TESS
TESS,1431.01,CANDIDATE,2.650232,15.9327,7400.0,1.94,,TESS
TESS,1437.01,CANDIDATE,18.840891,2.00342,6093.0,1.22,,TESS
TESS,1438.01,CANDIDATE,5.1396666,2.259057,5374.0,0.815924,,TESS
TESS,1438.02,CANDIDATE,9.4280902,2.49195,5374.0,0.82,,TESS
TESS,1439.01,CANDIDATE,27.6438617,3.68027,5873.0,1.62,,TESS
TESS,144.01,CANDIDATE,6.267832,1.99779,5950.0,1.15,,TESS
TESS,1442.01,CANDIDATE,0.4090681,1.1833779,3328.0,0.308799,,TESS
TESS,1443.01,CANDIDATE,23.5407467,2.11441,5236.0,0.75,,TESS
TESS,1444.01,CANDIDATE,0.4702719,1.4344026,5466.0,0.92499,,TESS
TESS,1448.01,CANDIDATE,8.0970819,2.6354043,3391.0,0.381586,,TESS
TESS,1450.01,CANDIDATE,2.0439268,1.0924808,3407.0,0.473603,,TESS
TESS,1451.01,CANDIDATE,16.5379864,2.51948,5781.0,1.03,,TESS
TESS,1452.01,CANDIDATE,11.0619937,1.6184944,3248.0,0.275364,,TESS
TESS,1453.01,CANDIDATE,6.5886877,2.12746,4920.0,0.71,,TESS
TESS,1453.02,CANDIDATE,4.3135263,1.17405,4920.0,0.71,,TESS
TESS,1456.01,CANDIDATE,18.712253,10.3984,6125.0,1.27,,TESS
TESS,1462.01,CANDIDATE,2.1779407,1.28228,5801.89,1.26,,TESS
TESS,1467.01,CANDIDATE,5.9711357,1.8721145,3834.0,0.490737,,TESS
TESS,1468.01,CANDIDATE,15.5324385,2.013576,3382.0,0.369306,,TESS
TESS,1468.02,CANDIDATE,1.880531,1.4548629,3382.0,0.369306,,TESS
TESS,1470.01,CANDIDATE,2.5272822,2.2007181,3624.0,0.49012,,TESS
TESS,1471.01,CANDIDATE,20.7724316,3.91576,5625.56,0.97,,TESS
TESS,1471.02,CANDIDATE,52.5637056,3.28372,5625.56,0.97,,TESS
TESS,1472.01,CANDIDATE,6.3634106,4.4784698,5103.0,0.859483,,TESS
TESS,1473.01,CANDIDATE,5.2544884,2.1916,5958.0,0.99,,TESS
TESS,1478.01,CANDIDATE,10.1802014,12.3422,5623.0,1.04,,TESS
TESS,148.01,CANDIDATE,4.86709,7.42915,5814.3,1.15,,TESS
TESS,1493.01,CANDIDATE,5.147905,18.0411,6064.0,2.9,,TESS
TESS,1494.01,CANDIDATE,5.0267996,12.9814741,6434.0,1.4782799,,TESS
TESS,150.01,CANDIDATE,5.8574075,13.8892762,5982.9,1.67987,,TESS
TESS,1516.01,CANDIDATE,2.0560153,17.2767,6485.0,1.24,,TESS
TESS,1518.01,CANDIDATE,1.902606,19.576504,9918.0,1.82241,,TESS
TESS,157.01,CANDIDATE,2.0845434,13.4432705,5638.0,1.10646,,TESS
TESS,1601.01,CANDIDATE,5.33155,14.6101,5917.0,2.22,,TESS
TESS,1605.01,CANDIDATE,8.7094632,20.9625,5597.0,1.59,,TESS
TESS,1611.01,CANDIDATE,16.2016817,2.38101,5071.0,0.78,,TESS
TESS,163.01,CANDIDATE,4.2311173,14.6260711,6671.0,1.6640199,,TESS
TESS,1630.01,CANDIDATE,12.0557353,2.39173,5504.0,0.83,,TESS
TESS,1634.01,CANDIDATE,0.98933,1.8303854,3455.0,0.465258,,TESS
TESS,1640.01,CANDIDATE,1.9495403,1.3929217,3414.0,0.260187,,TESS
TESS,1659.01,CANDIDATE,5.8775548,2.1822904,5977.0,1.00568,,TESS
TESS,1669.01,CANDIDATE,2.6800536,2.3437,5550.0,1.07,,TESS
TESS,1670.01,CANDIDATE,40.7501028,10.1271,6453.0,1.31,,TESS
TESS,1670.02,CANDIDATE,10.9836724,2.35616,6453.0,1.31,,TESS
TESS,1680.01,CANDIDATE,4.8026561,1.4202459,3231.0,0.213459,,TESS
TESS,1683.01,CANDIDATE,3.057524,2.4878486,4402.0,0.695095,,TESS
TESS,1685.01,CANDIDATE,0.6691449,1.9200407,3457.0,0.462408,,TESS
TESS,169.01,CANDIDATE,2.2554459,11.0535293,5817.0,1.29661,,TESS
TESS,1690.01,CANDIDATE,1.4079369,,5780.0,,,TESS
TESS,1691.01,CANDIDATE,16.7368995,2.88015,5759.0,1.0,,TESS
TESS,1693.01,CANDIDATE,1.766692,1.5574734,3474.0,0.46126,,TESS
TESS,1694.01,CANDIDATE,3.7701296,5.4800266,5058.0,0.81833,,TESS
TESS,1695.01,CANDIDATE,3.1342946,1.7992966,3575.0,0.516105,,TESS
TESS,1696.01,CANDIDATE,2.5005291,3.1713853,3181.0,0.280475,,TESS
TESS,1710.01,CANDIDATE,24.2833782,5.21152,5675.0,0.98,,TESS
TESS,1716.01,CANDIDATE,8.082354,2.72432,5878.6,1.24,,TESS
TESS,172.01,CANDIDATE,9.47686,9.80856,5801.8,1.79,,TESS
TESS,1723.01,CANDIDATE,13.7270395,2.95921,5777.0,1.09,,TESS
TESS,1726.01,CANDIDATE,7.107934,2.2881711,5694.11,0.902932,,TESS
TESS,1726.02,CANDIDATE,20.5438153,2.5734283,5694.11,0.902932,,TESS
TESS,1728.01,CANDIDATE,3.4913952,4.9395,3907.0,0.63,,TESS
TESS,1736.01,CANDIDATE,7.0731057,2.69175,5656.0,1.41,,TESS
TESS,1739.01,CANDIDATE,8.3033493,1.95844,4814.0,0.78,,TESS
TESS,174.01,CANDIDATE,17.6671687,1.87042,4813.0,0.69,,TESS
TESS,174.02,CANDIDATE,29.7975205,1.60982,4813.0,0.69,,TESS
TESS,174.03,CANDIDATE,12.1623316,1.15643,4813.0,0.69,,TESS
TESS,174.04,CANDIDATE,3.9766833,0.757588,4813.0,0.69,,TESS
TESS,174.05,CANDIDATE,7.9076222,0.969819,4813.0,0.69,,TESS
TESS,1742.01,CANDIDATE,21.2690422,1.87711,5707.0,1.16,,TESS
TESS,1743.01,CANDIDATE,4.2660553,3.30511,3281.0,0.32,,TESS
TESS,1744.01,CANDIDATE,22.3417286,2.54102,6179.0,1.14,,TESS
TESS,1749.01,CANDIDATE,4.4891367,1.9980298,3959.0,0.561356,,TESS
TESS,1749.02,CANDIDATE,9.0447039,2.2493746,3959.0,0.561356,,TESS
TESS,175.01,CANDIDATE,3.6906759,1.36751,3469.0,0.31,,TESS
TESS,175.02,CANDIDATE,7.4507305,3.04528,3469.0,0.31,,TESS
TESS,175.03,CANDIDATE,2.2531062,0.826635,3469.0,0.31416,,TESS
TESS,1751.01,CANDIDATE,37.4685042,2.56325,6114.0,1.27,,TESS
TESS,1753.01,CANDIDATE,5.3846239,2.6170633,5700.0,0.959022,,TESS
TESS,1758.01,CANDIDATE,20.7051499,3.39245,5169.0,0.81,,TESS
TESS,1759.01,CANDIDATE,18.8500438,3.09094,3960.0,0.63,,TESS
TESS,1768.01,CANDIDATE,7.3377236,3.2807,5994.0,1.1,,TESS
TESS,177.01,CANDIDATE,2.8531016,2.02068,3703.0,0.52,,TESS
TESS,1772.01,CANDIDATE,8.0542207,2.8337706,5583.1,0.995254,,TESS
TESS,1774.01,CANDIDATE,16.7100422,2.7396616,5853.7,1.09271,,TESS
TESS,1775.01,CANDIDATE,10.2405483,8.69623,5251.0,0.84,,TESS
TESS,1776.01,CANDIDATE,2.8009915,1.4033915,5723.87,0.945408,,TESS
TESS,1777.01,CANDIDATE,14.6503935,1.81908,5859.45,0.98,,TESS
TESS,1778.01,CANDIDATE,6.5273884,2.8972637,6023.0,1.32944,,TESS
TESS,178.01,CANDIDATE,6.5578513,2.54474,4111.0,0.66,,TESS
TESS,178.02,CANDIDATE,20.708504,3.751004,4111.0,0.701202,,TESS
TESS,178.03,CANDIDATE,9.9616347,2.2807327,4111.0,0.660806,,TESS
TESS,1782.01,CANDIDATE,4.9877056,2.4703077,4336.0,0.668693,,TESS
TESS,1782.02,CANDIDATE,1.8290294,2.1268375,4336.0,0.668693,,TESS
TESS,1789.01,CANDIDATE,3.2087149,12.3921,5971.4,2.26,,TESS
TESS,179.01,CANDIDATE,4.1374379,2.6757659,5058.0,0.802633,,TESS
TESS,1793.01,CANDIDATE,55.087,4.36639,5175.0,0.87,,TESS
TESS,1794.01,CANDIDATE,8.7655468,3.3302665,5707.0,1.29921,,TESS
TESS,1797.01,CANDIDATE,3.6451549,2.99324,5922.0,1.05,,TESS
TESS,1797.02,CANDIDATE,1.0376109,1.53671,5922.0,1.05,,TESS
TESS,1798.01,CANDIDATE,8.0214735,2.3381058,5165.2,0.784618,,TESS
TESS,1798.02,CANDIDATE,0.4378083,1.374002,5165.2,0.784618,,TESS
TESS,1799.01,CANDIDATE,7.093853,1.6277147,5690.0,0.956941,,TESS
TESS,1801.01,CANDIDATE,10.6439385,1.98891,3815.0,0.55,,TESS
TESS,1806.01,CANDIDATE,15.1512051,2.8411799,3272.0,0.401575,,TESS
TESS,1807.01,CANDIDATE,0.54937,1.53904,4612.99,0.74,,TESS
TESS,181.01,CANDIDATE,4.5320502,7.0590799,4983.0,0.805573,,TESS
TESS,1811.01,CANDIDATE,3.7130701,11.7215,4719.0,0.81,,TESS
TESS,1820.01,CANDIDATE,4.860673,11.4272,5778.2,1.4,,TESS
TESS,1823.01,CANDIDATE,38.8135498,8.20695,4760.0,0.82,,TESS
TESS,1824.01,CANDIDATE,22.8085719,2.45459,5182.0,0.82,,TESS
TESS,1826.01,CANDIDATE,4.1419805,12.9812632,5418.3,1.15614,,TESS
TESS,1827.01,CANDIDATE,1.467119,1.3241394,3297.0,0.331472,,TESS
TESS,1828.01,CANDIDATE,9.0941239,8.09838,5759.8,1.56,,TESS
TESS,1836.01,CANDIDATE,20.3807824,8.2227994,6351.0,1.61988,,TESS
TESS,1842.01,CANDIDATE,9.5739531,12.4956,6115.0,2.05,,TESS
TESS,1846.01,CANDIDATE,3.9306746,1.7902006,3512.0,0.411452,,TESS
TESS,1853.01,CANDIDATE,1.2436239,3.89334,4968.8,0.84,,TESS
TESS,1855.01,CANDIDATE,1.3641482,19.5876,5347.0,1.08,,TESS
TESS,1859.01,CANDIDATE,63.4839358,11.1495,6415.0,1.4,,TESS
TESS,186.01,CANDIDATE,35.6134391,3.12194,4628.53,0.71,,TESS
TESS,186.02,CANDIDATE,7.7897726,1.00084,4628.53,0.71,,TESS
TESS,1860.01,CANDIDATE,1.0662082,1.0883,5668.0,0.93,,TESS
TESS,1862.01,CANDIDATE,5.6442112,11.4462895,6310.0,1.63591,,TESS
TESS,1883.01,CANDIDATE,4.5063838,5.5521734,3477.0,0.493576,,TESS
TESS,1885.01,CANDIDATE,6.5440665,14.1513,6232.0,1.76,,TESS
TESS,1898.01,CANDIDATE,45.5221456,9.7055757,6303.91,1.61034,,TESS
TESS,1899.01,CANDIDATE,29.0902271,12.1826517,3854.0,0.617863,,TESS
TESS,193.01,CANDIDATE,0.7920646,12.9674,5422.0,0.98,,TESS
TESS,1937.01,CANDIDATE,0.9466787,14.6661,5707.0,1.07,,TESS
TESS,197.01,CANDIDATE,14.278122,8.3566078,5105.0,2.90324,,TESS
TESS,198.01,CANDIDATE,10.2150168,1.4777754,3763.0,0.447336,,TESS
TESS,199.01,CANDIDATE,104.8729635,10.223,5350.0,0.88,,TESS
TESS,1994.01,CANDIDATE,4.0337201,11.5159,7369.0,2.22,,TESS
TESS,200.01,CANDIDATE,8.1382222,6.1757682,5414.0,0.951985,,TESS
TESS,2000.01,CANDIDATE,9.1270519,8.34235,5400.0,1.18,,TESS
TESS,2000.02,CANDIDATE,3.098367,2.47118,5400.0,1.18,,TESS
TESS,201.01,CANDIDATE,52.9781419,11.4471492,6461.8,1.33031,,TESS
TESS,2010.01,CANDIDATE,1134.6723963,11.7582195,5842.0,1.0735199,,TESS
TESS,2013.01,CANDIDATE,2.6162769,1.0972867,3352.0,0.325635,,TESS
TESS,2015.01,CANDIDATE,3.3491408,5.37673,3223.0,0.32,,TESS
TESS,2018.01,CANDIDATE,7.4355709,2.2761564,4218.9,0.622512,,TESS
TESS,2019.01,CANDIDATE,15.3468182,3.99579,5588.0,1.8,,TESS
TESS,2025.01,CANDIDATE,8.8720542,11.9849813,6042.0,1.47996,,TESS
TESS,2046.01,CANDIDATE,1.4971447,16.2528494,6081.0,1.2431901,,TESS
TESS,2048.01,CANDIDATE,13.7905315,2.60168,5021.6,0.76,,TESS
TESS,206.01,CANDIDATE,0.7363132,1.5332682,3358.0,0.351676,,TESS
TESS,2068.01,CANDIDATE,7.7690887,2.3663308,3700.0,0.542573,,TESS
TESS,2076.01,CANDIDATE,10.3563596,2.4103206,5149.6,0.772148,,TESS
TESS,2076.02,CANDIDATE,35.1257472,3.17021,5149.6,0.77,,TESS
TESS,2076.03,CANDIDATE,21.0153047,3.78219,5149.6,0.77,,TESS
TESS,2081.01,CANDIDATE,10.5054362,1.947929,3742.0,0.515547,,TESS
TESS,2084.01,CANDIDATE,6.0784031,2.07448,3630.0,0.47,,TESS
TESS,2088.01,CANDIDATE,124.72987,3.5130935,4902.0,0.831423,,TESS
TESS,2095.01,CANDIDATE,17.664866,1.2984859,3746.0,0.463205,,TESS
TESS,2095.02,CANDIDATE,28.1722501,1.4475246,3746.0,0.463205,,TESS
TESS,2096.01,CANDIDATE,3.1190716,1.6229796,3285.0,0.247331,,TESS
TESS,2096.02,CANDIDATE,6.3878202,2.041471,3285.0,0.247331,,TESS
TESS,2107.01,CANDIDATE,2.45457,14.183,5565.0,0.97,,TESS
TESS,2109.01,CANDIDATE,0.67249,15.7288,6647.0,1.7,,TESS
TESS,2119.01,CANDIDATE,7.2008611,12.0629,3606.0,0.5,,TESS
TESS,2120.01,CANDIDATE,5.7998189,2.6346124,3179.0,0.240233,,TESS
TESS,2128.01,CANDIDATE,16.3413889,2.629079,5991.11,1.12506,,TESS
TESS,2134.01,CANDIDATE,9.2292078,3.21883,4406.0,0.77,,TESS
TESS,2134.02,CANDIDATE,95.8531625,5.95763,4406.0,0.77,,TESS
TESS,2136.01,CANDIDATE,7.8519082,2.1705803,3384.0,0.34388,,TESS
TESS,2141.01,CANDIDATE,18.2616878,2.85973,5674.0,0.94,,TESS
TESS,2145.01,CANDIDATE,10.2611329,12.2521,6202.0,2.78,,TESS
TESS,2152.01,CANDIDATE,3.3772835,15.3058361,6688.0,1.73235,,TESS
TESS,2154.01,CANDIDATE,3.8240826,16.0547024,6243.0,1.38719,,TESS
TESS,2155.01,CANDIDATE,3.7246883,10.8811,6144.0,1.74,,TESS
TESS,2158.01,CANDIDATE,8.6007557,10.7988,5389.0,1.5,,TESS
TESS,216.01,CANDIDATE,34.5059318,10.4625162,5025.77,0.801736,,TESS
TESS,216.02,CANDIDATE,17.3890454,6.4840125,5025.77,0.801736,,TESS
TESS,2179.01,CANDIDATE,15.1689723,11.7952966,5713.0,1.12898,,TESS
TESS,2180.01,CANDIDATE,260.1740061,11.3192423,5739.0,1.62762,,TESS
TESS,2184.01,CANDIDATE,6.9067868,13.4176028,5731.8,3.1513801,,TESS
TESS,2193.01,CANDIDATE,2.1223673,12.9814367,6079.0,1.19653,,TESS
TESS,2194.01,CANDIDATE,15.3419095,1.7005,4669.0,0.69,,TESS
TESS,2196.01,CANDIDATE,1.1953968,3.5030245,5728.0,1.02917,,TESS
TESS,220.01,CANDIDATE,10.6953083,2.84818,5272.71,0.88,,TESS
TESS,2202.01,CANDIDATE,11.9124942,11.3754057,5064.0,0.823883,,TESS
TESS,2207.01,CANDIDATE,8.000489,10.9709265,6146.0,1.55738,,TESS
TESS,2211.01,CANDIDATE,3.0911721,1.666703,5253.0,0.834386,,TESS
TESS,2215.01,CANDIDATE,5.7772122,2.8693434,4882.7,0.729818,,TESS
TESS,2221.01,CANDIDATE,8.4536777,4.0269258,3588.0,0.698009,,TESS
TESS,2236.01,CANDIDATE,3.5315897,14.2116,6209.0,1.62,,TESS
TESS,2257.01,CANDIDATE,35.1896444,2.2253696,3446.0,0.326932,,TESS
TESS,2260.01,CANDIDATE,0.3524597,1.76224,5432.0,0.9,,TESS
TESS,2266.01,CANDIDATE,2.326343,1.9763187,3244.0,0.261162,,TESS
TESS,2267.01,CANDIDATE,3.4950422,1.2734423,3022.0,0.242745,,TESS
TESS,2267.03,CANDIDATE,2.2891027,0.9131404,3022.0,0.242745,,TESS
TESS,2274.01,CANDIDATE,2.6796164,1.8334769,3943.0,0.63072,,TESS
TESS,2285.01,CANDIDATE,27.2672016,1.5781136,3546.0,0.460014,,TESS
TESS,2319.01,CANDIDATE,,4.1844083,6329.0,1.39619,,TESS
TESS,2322.01,CANDIDATE,20.2254946,1.9090249,4465.0,0.697547,,TESS
TESS,2322.02,CANDIDATE,11.3071786,1.02968,4465.0,0.7,,TESS
TESS,2328.01,CANDIDATE,17.1019622,10.1067,5302.3,0.93,,TESS
TESS,2336.01,CANDIDATE,7.7119842,10.7188,6458.0,1.83,,TESS
TESS,2337.01,CANDIDATE,2.994263,11.5655979,4784.0,3.22859,,TESS
TESS,2338.01,CANDIDATE,22.6539607,12.2765,5523.0,1.12,,TESS
TESS,2364.01,CANDIDATE,4.0197555,9.57594,5216.0,0.94,,TESS
TESS,2368.01,CANDIDATE,5.1750108,11.4726621,5177.0,0.892685,,TESS
TESS,237.01,CANDIDATE,5.4361667,1.7175409,3139.0,0.211299,,TESS
TESS,2373.01,CANDIDATE,13.3368173,11.2448,5517.0,1.2,,TESS
TESS,2374.01,CANDIDATE,4.31362,8.01917,4929.5,0.8,,TESS
TESS,2379.01,CANDIDATE,5.4693888,11.5779216,3770.0,0.638902,,TESS
TESS,238.01,CANDIDATE,1.2730965,1.57925,5024.0,0.77,,TESS
TESS,2384.01,CANDIDATE,2.1357026,11.6264152,3678.2,0.666652,,TESS
TESS,2406.01,CANDIDATE,3.0766835,2.722618,3163.0,0.1966,,TESS
TESS,2407.01,CANDIDATE,2.7029187,3.7942392,3596.0,0.524573,,TESS
TESS,2411.01,CANDIDATE,0.782765,1.7472713,4099.0,0.727642,,TESS
TESS,2416.01,CANDIDATE,8.2754608,11.5451,5515.2,1.39,,TESS
TESS,2420.01,CANDIDATE,5.84259,11.8252,5707.0,2.2,,TESS
TESS,2421.01,CANDIDATE,4.3474,10.753,5618.0,1.79,,TESS
TESS,2427.01,CANDIDATE,1.30613,1.99844,4072.0,0.68,,TESS
TESS,2431.01,CANDIDATE,0.224195,5.59553,4079.0,0.68,,TESS
TESS,244.01,CANDIDATE,7.397216,1.2711131,3342.0,0.407103,,TESS
TESS,2443.01,CANDIDATE,15.6692322,2.6868893,4214.44,0.732115,,TESS
TESS,2445.01,CANDIDATE,0.3711334,1.4062147,3333.0,0.272233,,TESS
TESS,2447.01,CANDIDATE,,10.2185,5825.0,1.04,,TESS
TESS,2449.01,CANDIDATE,16.6542431,11.9082,6054.0,1.08,,TESS
TESS,2458.01,CANDIDATE,3.7369689,2.3797323,6092.0,1.32975,,TESS
TESS,2459.01,CANDIDATE,19.1047019,2.9365337,4195.0,0.675093,,TESS
TESS,2485.01,CANDIDATE,11.2347982,12.196,6016.4,1.72,,TESS
TESS,2497.01,CANDIDATE,10.655694,11.7630857,6715.0,2.49897,,TESS
TESS,2498.01,CANDIDATE,3.7382381,4.774123,5938.0,1.2906801,,TESS
TESS,251.01,CANDIDATE,4.9377227,2.8269897,5862.0,0.955756,,TESS
TESS,2524.01,CANDIDATE,7.1858029,13.1612,5758.3,1.19,,TESS
TESS,2525.01,CANDIDATE,23.3418536,9.7267129,4944.0,0.824284,,TESS
TESS,2525.02,CANDIDATE,49.2445599,10.3670919,4944.0,0.824284,,TESS
TESS,2529.01,CANDIDATE,,10.9718,5822.0,1.75,,TESS
TESS,2537.01,CANDIDATE,94.0997954,14.5890881,4696.7,1.0143,,TESS
TESS,2543.01,CANDIDATE,7.5427509,10.8099759,6349.8,1.86619,,TESS
TESS,2545.01,CANDIDATE,7.9940367,2.5576021,5846.29,1.25324,,TESS
TESS,2548.02,CANDIDATE,1.4468993,4.98711,5238.0,0.84,,TESS
TESS,2567.01,CANDIDATE,5.9839451,10.7016592,5609.0,1.71761,,TESS
TESS,257.01,CANDIDATE,18.3877081,6.3790962,6382.7,1.76557,,TESS
TESS,2570.01,CANDIDATE,2.9887654,14.0699828,5639.0,1.12141,,TESS
TESS,2580.01,CANDIDATE,3.397862,18.3834,6590.0,1.83,,TESS
TESS,2583.01,CANDIDATE,4.52074,13.7321,6050.0,1.49,,TESS
TESS,2587.01,CANDIDATE,5.4566563,10.9408,5674.8,1.72,,TESS
TESS,2589.01,CANDIDATE,61.6277,11.7392,5581.0,1.07,,TESS
TESS,260.01,CANDIDATE,13.4758478,1.9840882,4111.0,0.618173,,TESS
TESS,261.01,CANDIDATE,3.3639254,3.0449863,5890.3,1.28018,,TESS
TESS,261.02,CANDIDATE,13.0393586,3.3482223,5890.3,1.31383,,TESS
TESS,262.01,CANDIDATE,11.1452784,2.0671456,5302.58,0.848675,,TESS
TESS,263.01,CANDIDATE,0.5568095,9.6870229,3116.0,0.439738,,TESS
TESS,2641.01,CANDIDATE,4.880964,9.7354897,6309.0,1.27132,,TESS
TESS,266.01,CANDIDATE,10.7510107,2.3581827,5784.0,0.918917,,TESS
TESS,266.02,CANDIDATE,6.19132,1.759371,5784.0,0.929557,,TESS
TESS,2669.01,CANDIDATE,6.203496,9.93735,4859.0,3.98,,TESS
TESS,269.01,CANDIDATE,3.6977167,2.942044,3607.0,0.397924,,TESS
TESS,270.01,CANDIDATE,5.6605693,2.4070872,3551.0,0.374358,,TESS
TESS,270.02,CANDIDATE,11.3795653,2.2539464,3551.0,0.374358,,TESS
TESS,270.03,CANDIDATE,3.3601377,1.1843718,3551.0,0.374358,,TESS
TESS,2714.01,CANDIDATE,2.4993895,12.9239,5737.0,1.21,,TESS
TESS,2719.01,CANDIDATE,3.3759446,6.03548,5701.0,1.69,,TESS
TESS,2768.01,CANDIDATE,1.5080197,3.01287,4008.0,0.66,,TESS
TESS,277.01,CANDIDATE,3.9934418,4.2556645,3748.0,0.523113,,TESS
TESS,2796.01,CANDIDATE,4.808498,15.0839,5449.5,1.38,,TESS
TESS,2803.01,CANDIDATE,1.962292,17.4523,6384.0,1.16,,TESS
TESS,2818.01,CANDIDATE,4.0397189,14.2282,5758.5,1.14,,TESS
TESS,282.01,CANDIDATE,56.0045056,4.6074444,6321.0,1.41189,,TESS
TESS,282.03,CANDIDATE,84.2607645,3.4359102,6321.0,1.41189,,TESS
TESS,282.04,CANDIDATE,22.8909855,2.5594629,6321.0,1.41189,,TESS
TESS,2842.01,CANDIDATE,3.5514016,11.8731,6019.0,1.26,,TESS
TESS,2844.01,CANDIDATE,3.5524144,8.52936,6843.0,1.82,,TESS
TESS,286.01,CANDIDATE,4.5117221,1.40246,5245.0,0.79,,TESS
TESS,286.02,CANDIDATE,39.361947,1.84555,5245.0,0.79,,TESS
TESS,294.01,CANDIDATE,7.327945,9.49027,4521.0,0.79,,TESS
TESS,2977.01,CANDIDATE,2.3505698,12.9823,5356.0,1.22,,TESS
TESS,2981.01,CANDIDATE,3.6015056,12.3972,6055.0,1.03,,TESS
TESS,3023.01,CANDIDATE,3.9014904,16.2567,5512.0,1.69,,TESS
TESS,3071.01,CANDIDATE,1.2669382,7.13535,6296.0,1.36,,TESS
TESS,3082.01,CANDIDATE,1.9268037,3.42735,4249.0,0.68,,TESS
TESS,3218.01,CANDIDATE,3.3704313,13.6938,5765.0,1.85,,TESS
TESS,3235.01,CANDIDATE,2.5926199,11.0137,3375.0,0.37,,TESS
TESS,3261.01,CANDIDATE,0.8831279,4.3749094,5151.4,0.86,,TESS
TESS,329.01,CANDIDATE,5.7042858,5.0247868,5560.5,1.61148,,TESS
TESS,332.01,CANDIDATE,0.77685,3.28324,5190.0,0.96,,TESS
TESS,3321.01,CANDIDATE,3.6525305,14.7302,5930.0,1.47,,TESS
TESS,3331.01,CANDIDATE,2.0180196,12.168,5544.0,0.96,,TESS
TESS,3353.01,CANDIDATE,4.6658007,2.17821,6365.0,1.02,,TESS
TESS,3362.01,CANDIDATE,18.0953159,12.0619,6509.8,1.8,,TESS
TESS,3364.01,CANDIDATE,5.8769438,12.3925008,5805.0,1.4484,,TESS
TESS,3540.01,CANDIDATE,3.1198404,12.1758,6011.2,1.13476,,TESS
TESS,3568.01,CANDIDATE,4.4178042,6.4020317,4864.0,0.785799,,TESS
TESS,3577.01,CANDIDATE,5.2667367,8.71675,5938.0,1.6,,TESS
TESS,3629.01,CANDIDATE,3.9365629,8.09927,3689.0,0.61,,TESS
TESS,3688.01,CANDIDATE,3.246208,13.2996429,6088.0,1.34548,,TESS
TESS,3693.01,CANDIDATE,9.0881638,12.8974,5211.0,0.8,,TESS
TESS,3714.01,CANDIDATE,2.1547472,11.6102486,3538.0,0.50843,,TESS
TESS,3755.01,CANDIDATE,5.5455798,10.3353813,5354.0,1.07607,,TESS
TESS,3757.01,CANDIDATE,3.4391954,12.4377309,3902.0,0.637223,,TESS
TESS,3785.01,CANDIDATE,4.6747218,4.73219,3502.0,0.5,,TESS
TESS,3807.01,CANDIDATE,2.8989758,10.0928,5908.0,1.47,,TESS
TESS,3819.01,CANDIDATE,3.244299,12.9273057,5999.0,1.5585901,,TESS
TESS,3837.01,CANDIDATE,11.8886495,11.0233,5773.9,1.21,,TESS
TESS,3884.01,CANDIDATE,4.5445569,5.7177,3192.0,0.3,,TESS
TESS,3894.01,CANDIDATE,4.3345378,14.3572,6314.8,1.43,,TESS
TESS,3912.01,CANDIDATE,3.4936188,14.2355,5779.5,1.42,,TESS
TESS,3919.01,CANDIDATE,7.4332642,10.213,6227.0,1.32,,TESS
TESS,396.01,CANDIDATE,5.9739124,2.3917735,6308.31,1.2845,,TESS
TESS,396.02,CANDIDATE,3.58529,1.77141,6308.31,1.28,,TESS
TESS,396.03,CANDIDATE,11.2304605,2.0754665,6308.31,1.2845,,TESS
TESS,3976.01,CANDIDATE,6.6080989,12.1125,5993.0,1.5,,TESS
TESS,3984.01,CANDIDATE,4.3533211,7.17236,3422.0,0.46,,TESS
TESS,4010.01,CANDIDATE,5.4146235,6.6139476,4888.0,0.880213,,TESS
TESS,4010.02,CANDIDATE,14.7091662,6.5471787,4888.0,0.880213,,TESS
TESS,4010.03,CANDIDATE,1.3483075,3.1949876,4888.0,0.880213,,TESS
TESS,402.01,CANDIDATE,4.7559737,1.725417,5175.2,0.841842,,TESS
TESS,402.02,CANDIDATE,17.1807214,2.1954034,5175.2,0.841842,,TESS
TESS,406.01,CANDIDATE,13.1757294,1.9602373,3349.0,0.388609,,TESS
TESS,406.02,CANDIDATE,6.614911,1.2731554,3349.0,0.388609,,TESS
TESS,4087.01,CANDIDATE,3.1774814,13.9016,6071.0,1.12,,TESS
TESS,411.01,CANDIDATE,9.5730706,2.3053058,6101.0,1.11672,,TESS
TESS,411.02,CANDIDATE,4.040413,1.5473747,6101.0,1.11672,,TESS
TESS,4127.01,CANDIDATE,56.4043748,12.5447,6433.0,1.25,,TESS
TESS,4137.01,CANDIDATE,3.8016217,13.6371,6244.0,1.47,,TESS
TESS,4138.01,CANDIDATE,3.660032,17.5565568,5988.0,1.88626,,TESS
TESS,4145.01,CANDIDATE,4.0664446,12.1827,5421.0,0.86,,TESS
TESS,4153.01,CANDIDATE,4.6174254,16.6632337,6411.0,1.67219,,TESS
TESS,4155.01,CANDIDATE,3.3207642,3.02356,6142.0,0.95,,TESS
TESS,4184.01,CANDIDATE,4.9019938,2.5554145,3147.0,0.240807,,TESS
TESS,4201.01,CANDIDATE,3.5809733,12.0428,3790.0,0.61,,TESS
TESS,421.01,CANDIDATE,16.067522,4.7909617,5718.0,0.860124,,TESS
TESS,421.02,CANDIDATE,5.1976858,1.9257346,5718.0,0.860124,,TESS
TESS,4270.01,CANDIDATE,3.4671474,11.6401,5886.0,1.58,,TESS
TESS,4306.01,CANDIDATE,2.7299049,1.3513606,2887.0,0.155498,,TESS
TESS,4308.01,CANDIDATE,9.1512776,2.45142,5015.0,0.79,,TESS
TESS,431.01,CANDIDATE,12.4610086,3.2809492,4891.0,0.726632,,TESS
TESS,431.02,CANDIDATE,0.4900589,1.4741529,4891.0,0.726632,,TESS
TESS,4320.01,CANDIDATE,25.1290153,1.93226,5871.0,1.04,,TESS
TESS,4329.01,CANDIDATE,2.9224661,20.8842189,5520.0,2.7442901,,TESS
TESS,4336.01,CANDIDATE,16.3363665,2.0492403,3365.0,0.326568,,TESS
TESS,4342.01,CANDIDATE,5.538329,2.2721409,3883.0,0.598175,,TESS
TESS,4342.02,CANDIDATE,10.6886084,2.4642245,3883.0,0.598175,,TESS
TESS,4377.01,CANDIDATE,4.3780194,14.3632742,4913.0,3.41348,,TESS
TESS,4379.01,CANDIDATE,3.2535266,16.5212632,6368.0,2.06072,,TESS
TESS,4399.01,CANDIDATE,7.7121208,3.004038,5985.4,1.08958,,TESS
TESS,4406.01,CANDIDATE,30.083503,12.1275255,5906.5,1.41293,,TESS
TESS,442.01,CANDIDATE,4.0520368,4.9523134,3779.0,0.607751,,TESS
TESS,4438.01,CANDIDATE,7.4463034,2.4048644,3353.0,0.375859,,TESS
TESS,444.01,CANDIDATE,17.9635083,3.2970197,5229.0,0.794471,,TESS
TESS,4443.01,CANDIDATE,1.8498567,1.7193265,5834.0,1.0173301,,TESS
TESS,4462.01,CANDIDATE,4.9133022,9.33912,5918.0,2.06,,TESS
TESS,4463.01,CANDIDATE,2.88069,22.4297,5541.0,1.09,,TESS
TESS,4465.01,CANDIDATE,,11.62,5557.0,0.99,,TESS
TESS,4479.01,CANDIDATE,1.1589013,2.6829722,3449.0,0.427389,,TESS
TESS,448.01,CANDIDATE,0.8820624,8.3888941,4669.0,0.782888,,TESS
TESS,4481.01,CANDIDATE,0.9263237,1.67823,3573.0,0.43,,TESS
TESS,4491.01,CANDIDATE,5.006622,2.22447,4006.0,0.6,,TESS
TESS,4495.01,CANDIDATE,5.1830043,3.63045,6156.0,1.34,,TESS
TESS,4504.01,CANDIDATE,82.9294114,11.4756331,5271.0,0.960919,,TESS
TESS,4504.02,CANDIDATE,2.4261538,2.6600255,5271.0,0.960919,,TESS
TESS,451.01,CANDIDATE,16.364873,3.9248322,5481.0,0.856226,,TESS
TESS,451.02,CANDIDATE,1.8586624,1.9323657,5481.0,0.856226,,TESS
TESS,451.03,CANDIDATE,9.1910792,2.7251006,5481.0,0.856226,,TESS
TESS,4515.01,CANDIDATE,15.2664658,12.2663968,5420.82,0.874078,,TESS
TESS,4524.01,CANDIDATE,0.9260632,1.67736,5640.0,1.11,,TESS
TESS,4527.01,CANDIDATE,0.3994445,0.9086617,3702.0,0.485948,,TESS
TESS,455.01,CANDIDATE,5.358776,1.4454154,3562.0,0.275953,,TESS
TESS,4551.01,CANDIDATE,9.956296,8.32411,4956.0,3.38,,TESS
TESS,4559.01,CANDIDATE,3.9649053,1.4999935,3476.0,0.426767,,TESS
TESS,4562.01,CANDIDATE,225.1037885,13.2081506,5965.99,1.25231,,TESS
TESS,4582.01,CANDIDATE,31.0343214,10.1577688,5234.0,2.56935,,TESS
TESS,4599.01,CANDIDATE,2.7694936,1.27326,3807.0,0.47,,TESS
TESS,4599.02,CANDIDATE,5.7060868,1.89602,3807.0,0.47,,TESS
TESS,4600.01,CANDIDATE,82.6901439,6.8236925,5073.0,0.831915,,TESS
TESS,4600.02,CANDIDATE,482.8191,6.9087752,5073.0,0.831915,,TESS
TESS,4602.01,CANDIDATE,3.9813082,2.36323,6011.9,1.16,,TESS
TESS,4603.01,CANDIDATE,7.2455997,14.2395,6169.1,2.68,,TESS
TESS,461.01,CANDIDATE,10.9245478,1.9015018,4884.0,0.74413,,TESS
TESS,4633.01,CANDIDATE,271.938639,3.5295923,5490.04,1.5819,,TESS
TESS,4638.01,CANDIDATE,10.2829583,2.7186716,5700.0,0.894563,,TESS
TESS,4641.01,CANDIDATE,22.0933922,9.7603293,6798.4,1.75449,,TESS
TESS,4666.01,CANDIDATE,2.9093856,12.8688,3666.0,0.59,,TESS
TESS,469.01,CANDIDATE,13.6308024,3.5493962,6114.0,1.00528,,TESS
TESS,470.01,CANDIDATE,12.1914558,4.6131319,5418.0,0.840971,,TESS
TESS,4737.01,CANDIDATE,9.3202467,7.8768,5916.0,1.67,,TESS
TESS,4759.01,CANDIDATE,9.6578504,9.98401,5557.0,2.09,,TESS
TESS,4791.01,CANDIDATE,4.2809767,13.0113,5964.0,1.49,,TESS
TESS,480.01,CANDIDATE,6.8659582,2.8144915,6212.63,1.5000401,,TESS
TESS,481.01,CANDIDATE,10.3311664,11.9428,5760.0,1.73,,TESS
TESS,486.01,CANDIDATE,1.7447031,0.591815,3445.0,0.43,,TESS
TESS,4860.01,CANDIDATE,1.5229985,8.99483,3237.0,0.35,,TESS
TESS,4862.01,CANDIDATE,,9.93012,5427.9,0.91,,TESS
TESS,488.01,CANDIDATE,1.1979996,1.2107339,3332.0,0.354529,,TESS
TESS,4914.01,CANDIDATE,10.5988743,12.6054,5809.9,1.04,,TESS
TESS,4987.01,CANDIDATE,4.2889696,20.7112,6736.9,2.61,,TESS
TESS,4994.01,CANDIDATE,21.4921464,9.09747,5520.0,1.11,,TESS
TESS,500.01,CANDIDATE,0.5481573,1.3591774,4590.0,0.751825,,TESS
TESS,5005.01,CANDIDATE,6.3084728,6.00429,5840.0,0.97,,TESS
TESS,5007.01,CANDIDATE,2.5432595,10.6224,3757.0,0.66,,TESS
TESS,5027.01,CANDIDATE,10.2436729,11.2818,5845.9,0.96,,TESS
TESS,503.01,CANDIDATE,3.6773543,11.426,7887.0,1.68,,TESS
TESS,5076.01,CANDIDATE,23.4428912,3.02618,4794.4,0.85,,TESS
TESS,5082.01,CANDIDATE,4.2403543,2.64301,5670.0,0.93,,TESS
TESS,509.01,CANDIDATE,9.0588209,2.67607,5560.26,0.96,,TESS
TESS,509.02,CANDIDATE,21.4003129,3.0010426,5560.26,0.962324,,TESS
TESS,5108.01,CANDIDATE,6.7535728,6.28796,5880.0,1.32,,TESS
TESS,5110.01,CANDIDATE,30.1584857,11.2128,6083.0,2.38,,TESS
TESS,512.01,CANDIDATE,7.1887332,1.5254582,5581.0,0.882675,,TESS
TESS,5126.01,CANDIDATE,5.4589863,4.40571,6223.0,1.24,,TESS
TESS,5126.02,CANDIDATE,17.9051919,3.00633,6223.0,1.24,,TESS
TESS,515.01,CANDIDATE,3.1148931,12.1120086,4973.0,0.74956,,TESS
TESS,5152.01,CANDIDATE,54.3212423,11.6348,6207.0,1.82,,TESS
TESS,5153.01,CANDIDATE,20.9108406,11.3547,6408.0,1.38,,TESS
TESS,5174.01,CANDIDATE,12.2193392,4.8045458,5643.77,1.09457,,TESS
TESS,519.01,CANDIDATE,1.2652338,11.9244053,3225.0,0.355309,,TESS
TESS,5205.01,CANDIDATE,1.6306523,11.1125,3262.0,0.4,,TESS
TESS,521.01,CANDIDATE,1.5428486,1.9653032,3439.0,0.420028,,TESS
TESS,5218.01,CANDIDATE,4.2914879,9.3875781,3937.0,0.675707,,TESS
TESS,5232.01,CANDIDATE,4.0966887,12.9734,6212.0,1.74,,TESS
TESS,5238.01,CANDIDATE,4.8721904,4.89644,5430.5,1.02,,TESS
TESS,5240.01,CANDIDATE,4.1793301,16.1603,7349.0,2.31,,TESS
TESS,5293.01,CANDIDATE,2.9304371,11.8933,3692.0,0.5,,TESS
TESS,530.01,CANDIDATE,6.3875739,8.6121163,3688.0,0.544769,,TESS
TESS,5301.01,CANDIDATE,5.8588751,12.1366,6418.0,2.31,,TESS
TESS,5319.01,CANDIDATE,4.0785273,3.74681,3580.0,0.48,,TESS
TESS,532.01,CANDIDATE,2.32664,5.5911206,3946.0,0.623609,,TESS
TESS,5344.01,CANDIDATE,3.7927572,9.66312,3575.0,0.58,,TESS
TESS,5349.01,CANDIDATE,3.3176675,9.42671,3640.0,0.59,,TESS
TESS,5388.01,CANDIDATE,2.594675,1.89426,3495.0,0.31,,TESS
TESS,5398.01,CANDIDATE,10.590923,11.1189,6017.1,1.05,,TESS
TESS,5398.02,CANDIDATE,4.7728997,3.30213,6017.1,1.05,,TESS
TESS,540.01,CANDIDATE,1.2391534,0.9654706,3042.0,0.197117,,TESS
TESS,544.01,CANDIDATE,1.5483542,2.1601741,4665.0,0.663414,,TESS
TESS,5467.01,CANDIDATE,2.6570006,10.4864,6328.7,1.63,,TESS
TESS,552.01,CANDIDATE,2.788654,9.665126,3654.0,0.587106,,TESS
TESS,554.01,CANDIDATE,7.0491608,2.8464941,6337.87,1.42717,,TESS
TESS,554.02,CANDIDATE,3.0440441,1.3337425,6337.87,1.42717,,TESS
TESS,5542.01,CANDIDATE,75.1247037,13.8062,5392.9,1.27,,TESS
TESS,555.01,CANDIDATE,1.9416366,11.7569044,3837.0,0.633668,,TESS
TESS,5557.01,CANDIDATE,4.0179805,1.1017624,3166.0,0.194357,,TESS
TESS,5573.01,CANDIDATE,8.7960328,9.14959,3695.0,0.59,,TESS
TESS,558.01,CANDIDATE,14.5728985,13.5300683,6025.8,1.76095,,TESS
TESS,559.01,CANDIDATE,6.9839072,12.2398,5972.0,1.21,,TESS
TESS,560.01,CANDIDATE,6.3980642,2.62025,4695.0,0.63,,TESS
TESS,560.02,CANDIDATE,18.8792871,1.99787,4695.0,0.63,,TESS
TESS,561.01,CANDIDATE,10.778833,2.6584,5391.0,0.84,,TESS
TESS,561.02,CANDIDATE,0.4465713,1.48867,5391.0,0.84,,TESS
TESS,561.03,CANDIDATE,25.7122157,2.8781392,5391.0,0.840576,,TESS
TESS,561.04,CANDIDATE,,3.1858058,5391.0,0.840576,,TESS
TESS,5616.01,CANDIDATE,2.0034478,10.9523,3927.0,0.65,,TESS
TESS,562.01,CANDIDATE,3.9306027,1.26995,3505.0,0.36,,TESS
TESS,5634.01,CANDIDATE,2.2054776,9.6722,3770.0,0.53,,TESS
TESS,564.01,CANDIDATE,1.6511456,7.7514065,5752.0,1.12196,,TESS
TESS,5678.01,CANDIDATE,119.3355264,5.11487,5516.0,0.94,,TESS
TESS,5680.01,CANDIDATE,3.3575477,12.6518,5013.0,0.75,,TESS
TESS,5688.01,CANDIDATE,2.9479689,9.41494,3588.0,0.58,,TESS
TESS,569.01,CANDIDATE,6.5562078,8.40415,6845.0,1.47,,TESS
TESS,5704.01,CANDIDATE,3.7711066,3.3409641,4590.0,0.757521,,TESS
TESS,5713.01,CANDIDATE,10.4419896,1.8605473,3271.0,0.292425,,TESS
TESS,5720.01,CANDIDATE,1.4344602,1.393219,3421.0,0.37103,,TESS
TESS,5726.01,CANDIDATE,5.4911302,2.430675,5874.0,1.10649,,TESS
TESS,5747.01,CANDIDATE,0.5734766,1.4969531,3466.0,0.420908,,TESS
TESS,576.01,CANDIDATE,5.4435354,7.30242,6313.0,1.25,,TESS
TESS,5786.01,CANDIDATE,12.7791964,6.85813,6280.0,1.33,,TESS
TESS,5795.01,CANDIDATE,6.1406882,5.4273017,5708.0,1.05042,,TESS
TESS,5799.01,CANDIDATE,4.1645448,1.9881393,3521.0,0.343358,,TESS
TESS,5800.01,CANDIDATE,2.6282606,2.8331017,4821.0,0.817034,,TESS
TESS,5803.01,CANDIDATE,5.3829728,3.5038,5134.0,0.76,,TESS
TESS,5817.01,CANDIDATE,15.6146058,3.0272584,5809.0,1.3820699,,TESS
TESS,5882.01,CANDIDATE,7.1487697,14.1861,5706.0,2.35,,TESS
TESS,6000.01,CANDIDATE,0.4489589,1.015263,3419.0,0.377509,,TESS
TESS,6002.01,CANDIDATE,10.9048392,1.5489482,3272.0,0.242121,,TESS
TESS,6008.01,CANDIDATE,0.8573727,1.2465478,3098.0,0.235048,,TESS
TESS,6016.01,CANDIDATE,4.0236805,14.9702,5807.0,1.57,,TESS
TESS,6029.01,CANDIDATE,5.7998626,11.022,5852.0,2.55,,TESS
TESS,603.01,CANDIDATE,16.1798603,7.89958,5900.8,1.63,,TESS
TESS,6034.01,CANDIDATE,2.5761796,12.1450869,3628.0,0.497905,,TESS
TESS,6038.01,CANDIDATE,5.826731,4.71778,6305.0,1.62,,TESS
TESS,6054.01,CANDIDATE,7.4903271,2.5277726,6111.67,1.61211,,TESS
TESS,6054.02,CANDIDATE,12.5759948,2.7981797,6111.67,1.61211,,TESS
TESS,6086.01,CANDIDATE,1.3888584,0.9650619,3300.0,0.256456,,TESS
TESS,6101.01,CANDIDATE,1.3328252,15.3206915,5595.4,1.0670201,,TESS
TESS,6130.01,CANDIDATE,2.3927114,14.5439,5967.0,1.17,,TESS
TESS,615.01,CANDIDATE,4.6616079,19.1536,7437.0,1.7,,TESS
TESS,6170.01,CANDIDATE,2.709631,14.9972,5838.0,1.47,,TESS
TESS,620.01,CANDIDATE,5.0988038,3.0503381,3633.0,0.547453,,TESS
TESS,622.01,CANDIDATE,6.4025295,9.3002413,7056.0,1.4072,,TESS
TESS,6223.01,CANDIDATE,3.8553342,4.94518,3909.0,0.6,,TESS
TESS,624.01,CANDIDATE,2.7443216,20.1852,8730.0,1.97,,TESS
TESS,625.01,CANDIDATE,4.786958,18.0112,7668.6,1.91,,TESS
TESS,6251.01,CANDIDATE,12.7614706,0.9705763,3376.0,0.269427,,TESS
TESS,6255.01,CANDIDATE,0.2381823,0.9617386,3423.0,0.369077,,TESS
TESS,626.01,CANDIDATE,4.4010465,19.7441,8489.0,2.32,,TESS
TESS,6275.01,CANDIDATE,6.2462252,13.4614756,6132.0,1.1417201,,TESS
TESS,6276.01,CANDIDATE,6.2031608,1.0214599,4633.87,0.630715,,TESS
TESS,6276.02,CANDIDATE,4.466068,0.9794583,4633.87,0.630715,,TESS
TESS,628.01,CANDIDATE,3.4076,12.1343,6174.0,1.38,,TESS
TESS,629.01,CANDIDATE,8.7179665,12.3121,9165.0,2.38,,TESS
TESS,6324.01,CANDIDATE,0.2792211,1.05678,3358.0,0.3,,TESS
TESS,6383.01,CANDIDATE,1.7904917,11.4109,3425.0,0.46,,TESS
TESS,640.01,CANDIDATE,5.0037758,19.7788,6442.0,2.09,,TESS
TESS,6442.01,CANDIDATE,2.8279716,18.5153,6707.0,1.48,,TESS
TESS,6508.01,CANDIDATE,18.9926881,10.231,3003.0,0.21,,TESS
TESS,652.01,CANDIDATE,3.9846589,2.12827,5903.0,1.03,,TESS
TESS,654.01,CANDIDATE,1.5275639,2.6103318,3433.0,0.427953,,TESS
TESS,657.01,CANDIDATE,4.5696698,13.0582928,6122.0,1.28306,,TESS
TESS,6628.01,CANDIDATE,18.184189,9.90639,5265.0,1.09,,TESS
TESS,663.01,CANDIDATE,2.5989031,2.4312854,3719.0,0.512361,,TESS
TESS,663.02,CANDIDATE,4.6955986,2.6626375,3719.0,0.512361,,TESS
TESS,663.03,CANDIDATE,7.1024749,1.9895244,3719.0,0.512361,,TESS
TESS,6651.01,CANDIDATE,5.0569708,5.09264,5818.9,1.8,,TESS
TESS,669.01,CANDIDATE,3.9451359,2.51666,5581.9,0.99,,TESS
TESS,6697.01,CANDIDATE,,8.1052869,6613.0,1.4927,,TESS
TESS,672.01,CANDIDATE,3.6335834,5.1614854,3765.0,0.544068,,TESS
TESS,674.01,CANDIDATE,1.9771658,5.2706003,3467.0,0.421944,,TESS
TESS,677.01,CANDIDATE,11.2365977,13.0203,6446.0,1.29,,TESS
TESS,682.01,CANDIDATE,6.8392388,3.74186,5085.0,1.08,,TESS
TESS,6883.01,CANDIDATE,,3.8324012,5657.0,1.09993,,TESS
TESS,6894.01,CANDIDATE,3.3706303,9.3830336,3133.0,0.222121,,TESS
TESS,696.01,CANDIDATE,0.8602406,0.9718795,3450.0,0.33819,,TESS
TESS,696.02,CANDIDATE,3.6942604,1.0428407,3450.0,0.33819,,TESS
TESS,696.03,CANDIDATE,4.9652069,0.8566925,3450.0,0.33819,,TESS
TESS,6963.01,CANDIDATE,8.8349261,9.0595904,3303.0,1.1499799,,TESS
TESS,6982.01,CANDIDATE,59.8473992,11.7556773,5765.3,1.09215,,TESS
TESS,700.01,CANDIDATE,16.051106,2.5869212,3482.0,0.419457,,TESS
TESS,700.02,CANDIDATE,37.4236838,1.3296571,3482.0,0.419457,,TESS
TESS,700.03,CANDIDATE,9.977273,0.9617288,3482.0,0.419457,,TESS
TESS,700.04,CANDIDATE,27.8096898,0.9491858,3482.0,0.419457,,TESS
TESS,7019.01,CANDIDATE,48.2590904,7.87933,5936.0,0.85,,TESS
TESS,704.01,CANDIDATE,3.8143009,1.1147163,3625.0,0.504068,,TESS
TESS,7041.01,CANDIDATE,9.6994666,9.5295926,4696.0,4.2105899,,TESS
TESS,712.01,CANDIDATE,9.531366,2.24794,4504.0,0.72,,TESS
TESS,712.02,CANDIDATE,51.6991421,2.45531,4504.0,0.72,,TESS
TESS,712.04,CANDIDATE,84.83869,2.03857,4504.0,0.72,,TESS
TESS,7149.01,CANDIDATE,2.6520679,11.2606,3247.0,0.34,,TESS
TESS,715.01,CANDIDATE,19.2879579,1.7145308,3075.0,0.229824,,TESS
TESS,730.01,CANDIDATE,3.0876297,13.9011294,4105.0,0.69386,,TESS
TESS,731.01,CANDIDATE,0.3219233,2.66076,3518.0,0.46,,TESS
TESS,732.01,CANDIDATE,0.7683904,1.1406447,3329.0,0.374139,,TESS
TESS,732.02,CANDIDATE,12.2534308,2.2967944,3329.0,0.374139,,TESS
TESS,733.01,CANDIDATE,4.8847937,1.94753,5969.0,0.94,,TESS
TESS,736.01,CANDIDATE,4.9899176,2.9858436,2940.0,0.17143,,TESS
TESS,736.02,CANDIDATE,0.9479945,1.1926392,2940.0,0.17143,,TESS
TESS,737.01,CANDIDATE,1.7318529,12.0299493,3394.0,0.615219,,TESS
TESS,741.01,CANDIDATE,7.5768334,0.867887,3766.0,0.53,,TESS
TESS,755.01,CANDIDATE,2.5404679,2.15331,6003.0,0.99,,TESS
TESS,757.01,CANDIDATE,17.4682298,2.17884,5499.0,0.76,,TESS
TESS,762.01,CANDIDATE,3.4716808,8.027234,3399.0,0.426785,,TESS
TESS,763.01,CANDIDATE,5.6057748,2.4097088,5767.0,0.906761,,TESS
TESS,763.02,CANDIDATE,12.2772444,2.8635085,5767.0,0.906761,,TESS
TESS,771.01,CANDIDATE,2.3260077,1.3960869,3231.0,0.241857,,TESS
TESS,776.01,CANDIDATE,15.6653322,2.0999942,3806.0,0.533024,,TESS
TESS,776.02,CANDIDATE,8.2466133,1.7687315,3806.0,0.533024,,TESS
TESS,778.01,CANDIDATE,4.6336155,15.2453,6780.0,1.68,,TESS
TESS,782.01,CANDIDATE,8.0239811,2.5926653,3331.0,0.406516,,TESS
TESS,784.01,CANDIDATE,2.7970316,1.84303,5849.0,0.9,,TESS
TESS,813.01,CANDIDATE,83.8962434,7.2168832,5823.7,2.04354,,TESS
TESS,815.01,CANDIDATE,11.1972769,2.62397,4953.9,0.76,,TESS
TESS,815.02,CANDIDATE,734.4987702,2.1838,4953.9,0.76,,TESS
TESS,822.02,CANDIDATE,1.0115336,2.3332033,4775.0,0.789877,,TESS
TESS,824.01,CANDIDATE,1.3929721,2.9539057,4452.0,0.729635,,TESS
TESS,833.01,CANDIDATE,1.041889,1.389031,3965.0,0.603336,,TESS
TESS,836.01,CANDIDATE,8.5954792,2.64032,4476.0,0.69,,TESS
TESS,836.02,CANDIDATE,3.8167262,1.69257,4476.0,0.69,,TESS
TESS,837.01,CANDIDATE,8.3249172,7.0011,6513.0,1.01,,TESS
TESS,849.01,CANDIDATE,0.76566,3.54139,5311.0,0.92,,TESS
TESS,858.01,CANDIDATE,3.2797206,14.0606451,5857.0,1.29747,,TESS
TESS,871.01,CANDIDATE,14.362738,1.6866314,4939.0,0.732189,,TESS
TESS,880.02,CANDIDATE,2.5735943,2.7779229,4935.0,0.816999,,TESS
TESS,892.01,CANDIDATE,10.6265837,12.0335,7723.0,1.35,,TESS
TESS,904.01,CANDIDATE,10.8772748,2.309613,3992.0,0.532439,,TESS
TESS,904.02,CANDIDATE,83.9993991,2.3408341,3992.0,0.532439,,TESS
TESS,905.01,CANDIDATE,3.7395716,13.9317353,5565.0,1.00018,,TESS
TESS,907.01,CANDIDATE,4.5849129,9.6158851,6272.0,2.0597899,,TESS
TESS,908.01,CANDIDATE,3.1837789,3.1080163,5500.0,1.0523601,,TESS
TESS,910.01,CANDIDATE,2.0291067,1.0407954,3194.0,0.287497,,TESS
TESS,912.01,CANDIDATE,4.678059,2.2524868,3566.0,0.426465,,TESS
TESS,913.01,CANDIDATE,11.099348,2.4827074,4948.0,0.732535,,TESS
TESS,942.01,CANDIDATE,4.32765,3.52025,4945.0,0.91,,TESS
TESS,954.01,CANDIDATE,3.68497,9.05543,5756.0,1.93,,TESS
TESS,969.01,CANDIDATE,1.8237371,3.64998,4249.1,0.82,,TESS
